sep=,
Epoch,batch_number,cs@n,MRR@10,Recall@10,QueriesWithNoRelevant@10,QueriesWithRelevant@10,AverageRankGoldLabel@10,MedianRankGoldLabel@10,MRR@20,Recall@20,QueriesWithNoRelevant@20,QueriesWithRelevant@20,AverageRankGoldLabel@20,MedianRankGoldLabel@20,MRR@100,Recall@100,QueriesWithNoRelevant@100,QueriesWithRelevant@100,AverageRankGoldLabel@100,MedianRankGoldLabel@100,MRR@200,Recall@200,QueriesWithNoRelevant@200,QueriesWithRelevant@200,AverageRankGoldLabel@200,MedianRankGoldLabel@200,MRR@1000,Recall@1000,QueriesWithNoRelevant@1000,QueriesWithRelevant@1000,AverageRankGoldLabel@1000,MedianRankGoldLabel@1000,nDCG@3,nDCG@5,nDCG@10,nDCG@20,nDCG@1000,QueriesRanked,MAP@1000
0,44000,-,0.23998374039204987,0.45139684813753583,3767,3213,3.359165888577653,2.0,0.24665743540061028,0.5462034383954155,3101,3879,5.329981954111885,3.0,0.2508356105898836,0.7109837631327601,1951,5029,15.166036985484192,5.0,0.2512062134724527,0.7612941738299905,1600,5380,23.386617100371748,6.0,0.2513604894897837,0.8140401146131805,1242,5738,46.26019518996166,7.0,0.22785804247394764,0.25724507602853836,0.28843633222280995,0.3127850260968174,0.35737951122037653,6980,0.24749712804480142
