sep=,
Epoch,batch_number,cs@n,MRR@10,Recall@10,QueriesWithNoRelevant@10,QueriesWithRelevant@10,AverageRankGoldLabel@10,MedianRankGoldLabel@10,MRR@20,Recall@20,QueriesWithNoRelevant@20,QueriesWithRelevant@20,AverageRankGoldLabel@20,MedianRankGoldLabel@20,MRR@100,Recall@100,QueriesWithNoRelevant@100,QueriesWithRelevant@100,AverageRankGoldLabel@100,MedianRankGoldLabel@100,MRR@200,Recall@200,QueriesWithNoRelevant@200,QueriesWithRelevant@200,AverageRankGoldLabel@200,MedianRankGoldLabel@200,MRR@1000,Recall@1000,QueriesWithNoRelevant@1000,QueriesWithRelevant@1000,AverageRankGoldLabel@1000,MedianRankGoldLabel@1000,nDCG@3,nDCG@5,nDCG@10,nDCG@20,nDCG@1000,QueriesRanked,MAP@1000
2,12000,-,0.2711368878035545,0.48717948717948717,60,57,3.0701754385964914,2.0,0.27527008404201386,0.5470085470085471,53,64,4.34375,3.0,0.2795888587362532,0.6923076923076923,36,81,11.530864197530864,4.0,0.2795888587362532,0.6923076923076923,36,81,11.530864197530864,4.0,0.2795888587362532,0.6923076923076923,36,81,11.530864197530864,4.0,0.26648177591575317,0.29773793205649063,0.32281005983229716,0.3379339097640623,0.36609800445028884,117,0.2795888587362532
