sep=,
Epoch,batch_number,cs@n,MRR@10,Recall@10,QueriesWithNoRelevant@10,QueriesWithRelevant@10,AverageRankGoldLabel@10,MedianRankGoldLabel@10,MRR@20,Recall@20,QueriesWithNoRelevant@20,QueriesWithRelevant@20,AverageRankGoldLabel@20,MedianRankGoldLabel@20,MRR@100,Recall@100,QueriesWithNoRelevant@100,QueriesWithRelevant@100,AverageRankGoldLabel@100,MedianRankGoldLabel@100,MRR@200,Recall@200,QueriesWithNoRelevant@200,QueriesWithRelevant@200,AverageRankGoldLabel@200,MedianRankGoldLabel@200,MRR@1000,Recall@1000,QueriesWithNoRelevant@1000,QueriesWithRelevant@1000,AverageRankGoldLabel@1000,MedianRankGoldLabel@1000,nDCG@3,nDCG@5,nDCG@10,nDCG@20,nDCG@1000,QueriesRanked,MAP@1000
0,76000,-,0.16542974257515802,0.3423829990448901,4544,2436,3.756568144499179,3.0,0.17132236979935955,0.42769818529130843,3940,3040,6.031578947368421,4.0,0.1761657556418771,0.6214183381088825,2565,4415,19.722536806342017,8.0,0.1767270216311084,0.699546322827125,2026,4954,33.14170367379895,11.0,0.17706026071240752,0.8140401146131805,1242,5738,83.25444405716277,17.0,0.1518625858704906,0.1775601787933343,0.20580747167965405,0.22751508175877025,0.2884528974570439,6980,0.17415887106232078
