sep=,
Epoch,batch_number,cs@n,MRR@10,Recall@10,QueriesWithNoRelevant@10,QueriesWithRelevant@10,AverageRankGoldLabel@10,MedianRankGoldLabel@10,MRR@20,Recall@20,QueriesWithNoRelevant@20,QueriesWithRelevant@20,AverageRankGoldLabel@20,MedianRankGoldLabel@20,MRR@100,Recall@100,QueriesWithNoRelevant@100,QueriesWithRelevant@100,AverageRankGoldLabel@100,MedianRankGoldLabel@100,MRR@200,Recall@200,QueriesWithNoRelevant@200,QueriesWithRelevant@200,AverageRankGoldLabel@200,MedianRankGoldLabel@200,MRR@1000,Recall@1000,QueriesWithNoRelevant@1000,QueriesWithRelevant@1000,AverageRankGoldLabel@1000,MedianRankGoldLabel@1000,nDCG@3,nDCG@5,nDCG@10,nDCG@20,nDCG@1000,QueriesRanked,MAP@1000
0,128000,-,0.23310552826670305,0.4465019102196752,3806,3174,3.4700693131695024,3.0,0.23953631686961435,0.5370343839541547,3167,3813,5.3621820089168635,3.0,0.24391360730730274,0.7064947468958931,1979,5001,15.35252949410118,6.0,0.24429808666660147,0.7601719197707736,1608,5372,24.22096053611318,7.0,0.24445492710642,0.8140401146131805,1242,5738,47.57093063785291,8.0,0.21884000327182415,0.24991961831516402,0.2819874879507304,0.30525199149057874,0.3514436522140036,6980,0.24079161133569713
