sep=,
Epoch,batch_number,cs@n,MRR@10,Recall@10,QueriesWithNoRelevant@10,QueriesWithRelevant@10,AverageRankGoldLabel@10,MedianRankGoldLabel@10,MRR@20,Recall@20,QueriesWithNoRelevant@20,QueriesWithRelevant@20,AverageRankGoldLabel@20,MedianRankGoldLabel@20,MRR@100,Recall@100,QueriesWithNoRelevant@100,QueriesWithRelevant@100,AverageRankGoldLabel@100,MedianRankGoldLabel@100,MRR@200,Recall@200,QueriesWithNoRelevant@200,QueriesWithRelevant@200,AverageRankGoldLabel@200,MedianRankGoldLabel@200,MRR@1000,Recall@1000,QueriesWithNoRelevant@1000,QueriesWithRelevant@1000,AverageRankGoldLabel@1000,MedianRankGoldLabel@1000,nDCG@3,nDCG@5,nDCG@10,nDCG@20,nDCG@1000,QueriesRanked,MAP@1000
0,44000,-,0.46443073882832914,0.07894327984190182,60,189,2.867724867724868,2.0,0.4701319890682604,0.11595668722567985,40,209,4.009569377990431,2.0,0.47401343792352074,0.29474842329012463,7,242,8.925619834710744,3.0,0.47412810921727433,0.4353852616449122,3,246,11.170731707317072,3.0,0.47417308509280337,0.9050149783390818,0,249,14.457831325301205,3.0,0.2906006333872254,0.2787086419618684,0.26218456662189205,0.2489677286819334,0.5318256294081812,249,0.17079551730965356
