sep=,
Epoch,batch_number,cs@n,MRR@10,Recall@10,QueriesWithNoRelevant@10,QueriesWithRelevant@10,AverageRankGoldLabel@10,MedianRankGoldLabel@10,MRR@20,Recall@20,QueriesWithNoRelevant@20,QueriesWithRelevant@20,AverageRankGoldLabel@20,MedianRankGoldLabel@20,MRR@100,Recall@100,QueriesWithNoRelevant@100,QueriesWithRelevant@100,AverageRankGoldLabel@100,MedianRankGoldLabel@100,MRR@200,Recall@200,QueriesWithNoRelevant@200,QueriesWithRelevant@200,AverageRankGoldLabel@200,MedianRankGoldLabel@200,MRR@1000,Recall@1000,QueriesWithNoRelevant@1000,QueriesWithRelevant@1000,AverageRankGoldLabel@1000,MedianRankGoldLabel@1000,nDCG@3,nDCG@5,nDCG@10,nDCG@20,nDCG@1000,QueriesRanked,MAP@1000
0,56000,-,0.2445039114021922,0.46216571155682906,3693,3287,3.4167934286583512,2.0,0.2509283711527462,0.5525549188156639,3054,3926,5.261844116148752,3.0,0.2550138992937963,0.7143982808022923,1926,5054,14.800158290463,5.0,0.25538473507043086,0.7659622731614135,1569,5411,23.308260949916836,6.0,0.25552800912755363,0.8140401146131805,1242,5738,43.86702683861973,7.0,0.23084239891880698,0.26265404958121974,0.2942997830131258,0.3175418822965508,0.3612129017751358,6980,0.25154178974387204
