sep=,
Epoch,batch_number,cs@n,MRR@10,Recall@10,QueriesWithNoRelevant@10,QueriesWithRelevant@10,AverageRankGoldLabel@10,MedianRankGoldLabel@10,MRR@20,Recall@20,QueriesWithNoRelevant@20,QueriesWithRelevant@20,AverageRankGoldLabel@20,MedianRankGoldLabel@20,MRR@100,Recall@100,QueriesWithNoRelevant@100,QueriesWithRelevant@100,AverageRankGoldLabel@100,MedianRankGoldLabel@100,MRR@200,Recall@200,QueriesWithNoRelevant@200,QueriesWithRelevant@200,AverageRankGoldLabel@200,MedianRankGoldLabel@200,MRR@1000,Recall@1000,QueriesWithNoRelevant@1000,QueriesWithRelevant@1000,AverageRankGoldLabel@1000,MedianRankGoldLabel@1000,nDCG@3,nDCG@5,nDCG@10,nDCG@20,nDCG@1000,QueriesRanked,MAP@1000
0,44000,-,0.6387837062535857,0.1252394680503692,33,216,2.1574074074074074,1.0,0.6426442807844576,0.17998580014011248,20,229,2.8253275109170306,1.0,0.6439625658920537,0.3679857074786063,6,243,5.460905349794238,1.0,0.6440700859801091,0.4877874579560681,2,247,7.797570850202429,1.0,0.644096993768654,0.9088153966860928,0,249,10.196787148594378,1.0,0.4282326598317695,0.4177649492113641,0.3922147443719155,0.36480081832087385,0.596138893890598,249,0.2384495726084958
