sep=,
Epoch,batch_number,cs@n,MRR@10,Recall@10,QueriesWithNoRelevant@10,QueriesWithRelevant@10,AverageRankGoldLabel@10,MedianRankGoldLabel@10,MRR@20,Recall@20,QueriesWithNoRelevant@20,QueriesWithRelevant@20,AverageRankGoldLabel@20,MedianRankGoldLabel@20,MRR@100,Recall@100,QueriesWithNoRelevant@100,QueriesWithRelevant@100,AverageRankGoldLabel@100,MedianRankGoldLabel@100,MRR@200,Recall@200,QueriesWithNoRelevant@200,QueriesWithRelevant@200,AverageRankGoldLabel@200,MedianRankGoldLabel@200,MRR@1000,Recall@1000,QueriesWithNoRelevant@1000,QueriesWithRelevant@1000,AverageRankGoldLabel@1000,MedianRankGoldLabel@1000,nDCG@3,nDCG@5,nDCG@10,nDCG@20,nDCG@1000,QueriesRanked,MAP@1000
1,20000,-,0.29627255460588797,0.5128205128205128,57,60,2.933333333333333,2.0,0.2983770103540684,0.5470085470085471,53,64,3.796875,2.0,0.302749814638346,0.6923076923076923,36,81,11.037037037037036,3.0,0.302749814638346,0.6923076923076923,36,81,11.037037037037036,3.0,0.302749814638346,0.6923076923076923,36,81,11.037037037037036,3.0,0.29120647045177345,0.326518184788342,0.3483124909611547,0.356617602045718,0.384897178075686,117,0.302749814638346
