sep=,
Epoch,batch_number,cs@n,MRR@10,Recall@10,QueriesWithNoRelevant@10,QueriesWithRelevant@10,AverageRankGoldLabel@10,MedianRankGoldLabel@10,MRR@20,Recall@20,QueriesWithNoRelevant@20,QueriesWithRelevant@20,AverageRankGoldLabel@20,MedianRankGoldLabel@20,MRR@100,Recall@100,QueriesWithNoRelevant@100,QueriesWithRelevant@100,AverageRankGoldLabel@100,MedianRankGoldLabel@100,MRR@200,Recall@200,QueriesWithNoRelevant@200,QueriesWithRelevant@200,AverageRankGoldLabel@200,MedianRankGoldLabel@200,MRR@1000,Recall@1000,QueriesWithNoRelevant@1000,QueriesWithRelevant@1000,AverageRankGoldLabel@1000,MedianRankGoldLabel@1000,nDCG@3,nDCG@5,nDCG@10,nDCG@20,nDCG@1000,QueriesRanked,MAP@1000
1,12000,-,0.3353717270383937,0.5641025641025641,51,66,2.757575757575758,2.0,0.3386095223814522,0.6153846153846154,45,72,3.9027777777777777,2.0,0.3408710634183636,0.6923076923076923,36,81,7.827160493827161,3.0,0.3408710634183636,0.6923076923076923,36,81,7.827160493827161,3.0,0.3408710634183636,0.6923076923076923,36,81,7.827160493827161,3.0,0.3328224554639832,0.37106604207743804,0.3905928860060731,0.40314735536163393,0.4180100477705109,117,0.3408710634183636
