sep=,
Epoch,batch_number,cs@n,MRR@10,Recall@10,QueriesWithNoRelevant@10,QueriesWithRelevant@10,AverageRankGoldLabel@10,MedianRankGoldLabel@10,MRR@20,Recall@20,QueriesWithNoRelevant@20,QueriesWithRelevant@20,AverageRankGoldLabel@20,MedianRankGoldLabel@20,MRR@100,Recall@100,QueriesWithNoRelevant@100,QueriesWithRelevant@100,AverageRankGoldLabel@100,MedianRankGoldLabel@100,MRR@200,Recall@200,QueriesWithNoRelevant@200,QueriesWithRelevant@200,AverageRankGoldLabel@200,MedianRankGoldLabel@200,MRR@1000,Recall@1000,QueriesWithNoRelevant@1000,QueriesWithRelevant@1000,AverageRankGoldLabel@1000,MedianRankGoldLabel@1000,nDCG@3,nDCG@5,nDCG@10,nDCG@20,nDCG@1000,QueriesRanked,MAP@1000
0,36000,-,0.6473768088225919,0.12320413060100996,35,214,1.9906542056074767,1.0,0.6515649511131437,0.1795963307827272,20,229,2.8253275109170306,1.0,0.6530056319464441,0.3679352600103291,6,243,5.271604938271605,1.0,0.653094177800464,0.4903791806810678,3,246,6.987804878048781,1.0,0.65314241425076,0.9088922203482999,0,249,10.0,1.0,0.43880924149895023,0.41395916372867503,0.39128344767521084,0.36377848478804414,0.5968172196135234,249,0.23773001006861905
