sep=,
Epoch,batch_number,cs@n,MRR@10,Recall@10,QueriesWithNoRelevant@10,QueriesWithRelevant@10,AverageRankGoldLabel@10,MedianRankGoldLabel@10,MRR@20,Recall@20,QueriesWithNoRelevant@20,QueriesWithRelevant@20,AverageRankGoldLabel@20,MedianRankGoldLabel@20,MRR@100,Recall@100,QueriesWithNoRelevant@100,QueriesWithRelevant@100,AverageRankGoldLabel@100,MedianRankGoldLabel@100,MRR@200,Recall@200,QueriesWithNoRelevant@200,QueriesWithRelevant@200,AverageRankGoldLabel@200,MedianRankGoldLabel@200,MRR@1000,Recall@1000,QueriesWithNoRelevant@1000,QueriesWithRelevant@1000,AverageRankGoldLabel@1000,MedianRankGoldLabel@1000,nDCG@3,nDCG@5,nDCG@10,nDCG@20,nDCG@1000,QueriesRanked,MAP@1000
0,44000,-,0.6422180786638618,0.12387013834028336,31,218,2.1788990825688073,1.0,0.6452138776311629,0.18195628225036162,20,229,2.8122270742358078,1.0,0.6466886132783738,0.36418265969947333,6,243,5.444444444444445,1.0,0.6468065566311405,0.4905226716716391,2,247,7.607287449392713,1.0,0.6468326735599148,0.9110072817543808,0,249,10.228915662650602,1.0,0.43203636190287836,0.41912628174800104,0.39065833488903595,0.36284465727138304,0.5970397803144516,249,0.23758419797330427
