sep=,
Epoch,batch_number,cs@n,MRR@10,Recall@10,QueriesWithNoRelevant@10,QueriesWithRelevant@10,AverageRankGoldLabel@10,MedianRankGoldLabel@10,MRR@20,Recall@20,QueriesWithNoRelevant@20,QueriesWithRelevant@20,AverageRankGoldLabel@20,MedianRankGoldLabel@20,MRR@100,Recall@100,QueriesWithNoRelevant@100,QueriesWithRelevant@100,AverageRankGoldLabel@100,MedianRankGoldLabel@100,MRR@200,Recall@200,QueriesWithNoRelevant@200,QueriesWithRelevant@200,AverageRankGoldLabel@200,MedianRankGoldLabel@200,MRR@1000,Recall@1000,QueriesWithNoRelevant@1000,QueriesWithRelevant@1000,AverageRankGoldLabel@1000,MedianRankGoldLabel@1000,nDCG@3,nDCG@5,nDCG@10,nDCG@20,nDCG@1000,QueriesRanked,MAP@1000
0,36000,-,0.3371318847500796,0.5858524355300859,2821,4159,3.037028131762443,2.0,0.34278032212400195,0.6652220630372493,2264,4716,4.405428329092452,3.0,0.3457789158691859,0.7790711556829034,1484,5496,10.27056040756914,3.0,0.34591906672084594,0.7983166189111748,1351,5629,13.368982057203766,3.0,0.34597253208200457,0.8140401146131805,1242,5738,19.401359358661555,4.0,0.3245909833163986,0.3622194383517858,0.3942022166995462,0.4147526173093429,0.4413294084671116,6980,0.34085318166517353
