sep=,
Epoch,batch_number,cs@n,MRR@10,Recall@10,QueriesWithNoRelevant@10,QueriesWithRelevant@10,AverageRankGoldLabel@10,MedianRankGoldLabel@10,MRR@20,Recall@20,QueriesWithNoRelevant@20,QueriesWithRelevant@20,AverageRankGoldLabel@20,MedianRankGoldLabel@20,MRR@100,Recall@100,QueriesWithNoRelevant@100,QueriesWithRelevant@100,AverageRankGoldLabel@100,MedianRankGoldLabel@100,MRR@200,Recall@200,QueriesWithNoRelevant@200,QueriesWithRelevant@200,AverageRankGoldLabel@200,MedianRankGoldLabel@200,MRR@1000,Recall@1000,QueriesWithNoRelevant@1000,QueriesWithRelevant@1000,AverageRankGoldLabel@1000,MedianRankGoldLabel@1000,nDCG@3,nDCG@5,nDCG@10,nDCG@20,nDCG@1000,QueriesRanked,MAP@1000
2,4000,-,0.2811931895265229,0.5128205128205128,57,60,3.316666666666667,2.0,0.2840008707844304,0.5555555555555556,52,65,4.246153846153846,3.0,0.2881054292164019,0.6923076923076923,36,81,10.876543209876543,4.0,0.2881054292164019,0.6923076923076923,36,81,10.876543209876543,4.0,0.2881054292164019,0.6923076923076923,36,81,10.876543209876543,4.0,0.2750287844627617,0.3066595025764808,0.33604858765693807,0.34667151958088244,0.3732752611668274,117,0.2881054292164019
