sep=,
Epoch,batch_number,cs@n,MRR@10,Recall@10,QueriesWithNoRelevant@10,QueriesWithRelevant@10,AverageRankGoldLabel@10,MedianRankGoldLabel@10,MRR@20,Recall@20,QueriesWithNoRelevant@20,QueriesWithRelevant@20,AverageRankGoldLabel@20,MedianRankGoldLabel@20,MRR@100,Recall@100,QueriesWithNoRelevant@100,QueriesWithRelevant@100,AverageRankGoldLabel@100,MedianRankGoldLabel@100,MRR@200,Recall@200,QueriesWithNoRelevant@200,QueriesWithRelevant@200,AverageRankGoldLabel@200,MedianRankGoldLabel@200,MRR@1000,Recall@1000,QueriesWithNoRelevant@1000,QueriesWithRelevant@1000,AverageRankGoldLabel@1000,MedianRankGoldLabel@1000,nDCG@3,nDCG@5,nDCG@10,nDCG@20,nDCG@1000,QueriesRanked,MAP@1000
3,16000,-,0.2324989824989825,0.452991452991453,64,53,3.1320754716981134,3.0,0.23933450476178905,0.5555555555555556,52,65,5.415384615384616,3.0,0.24310401887947877,0.6923076923076923,36,81,12.666666666666666,4.0,0.24310401887947877,0.6923076923076923,36,81,12.666666666666666,4.0,0.24310401887947877,0.6923076923076923,36,81,12.666666666666666,4.0,0.231174684004886,0.2628054021186051,0.2856227103898404,0.31120572766018806,0.33716968503101513,117,0.24310401887947877
