sep=,
Epoch,batch_number,cs@n,MRR@10,Recall@10,QueriesWithNoRelevant@10,QueriesWithRelevant@10,AverageRankGoldLabel@10,MedianRankGoldLabel@10,MRR@20,Recall@20,QueriesWithNoRelevant@20,QueriesWithRelevant@20,AverageRankGoldLabel@20,MedianRankGoldLabel@20,MRR@100,Recall@100,QueriesWithNoRelevant@100,QueriesWithRelevant@100,AverageRankGoldLabel@100,MedianRankGoldLabel@100,MRR@200,Recall@200,QueriesWithNoRelevant@200,QueriesWithRelevant@200,AverageRankGoldLabel@200,MedianRankGoldLabel@200,MRR@1000,Recall@1000,QueriesWithNoRelevant@1000,QueriesWithRelevant@1000,AverageRankGoldLabel@1000,MedianRankGoldLabel@1000,nDCG@3,nDCG@5,nDCG@10,nDCG@20,nDCG@1000,QueriesRanked,MAP@1000
0,536000,-,0.21310825715195345,0.4318170964660936,3906,3074,3.6473649967469095,3.0,0.2194899725348453,0.5236747851002865,3260,3720,5.618010752688172,4.0,0.22404387653533842,0.7020176695319963,2009,4971,16.52001609334138,6.0,0.22444075828585713,0.7583333333333334,1622,5358,25.796939156401642,7.0,0.22460679578260806,0.8140401146131805,1242,5738,49.670442662948766,9.0,0.19859622569645824,0.22921814157051454,0.26318389145472854,0.2866821978244947,0.33494179910950905,6980,0.22100737602508386
