sep=,
Epoch,batch_number,cs@n,MRR@10,Recall@10,QueriesWithNoRelevant@10,QueriesWithRelevant@10,AverageRankGoldLabel@10,MedianRankGoldLabel@10,MRR@20,Recall@20,QueriesWithNoRelevant@20,QueriesWithRelevant@20,AverageRankGoldLabel@20,MedianRankGoldLabel@20,MRR@100,Recall@100,QueriesWithNoRelevant@100,QueriesWithRelevant@100,AverageRankGoldLabel@100,MedianRankGoldLabel@100,MRR@200,Recall@200,QueriesWithNoRelevant@200,QueriesWithRelevant@200,AverageRankGoldLabel@200,MedianRankGoldLabel@200,MRR@1000,Recall@1000,QueriesWithNoRelevant@1000,QueriesWithRelevant@1000,AverageRankGoldLabel@1000,MedianRankGoldLabel@1000,nDCG@3,nDCG@5,nDCG@10,nDCG@20,nDCG@1000,QueriesRanked,MAP@1000
0,48000,-,0.5997625422324216,0.1032787558722182,39,210,2.2333333333333334,1.0,0.604949950939171,0.15350385383810533,21,228,3.192982456140351,1.0,0.6068129276229007,0.3291316287444512,4,245,6.191836734693878,2.0,0.6068481562567343,0.4551602607242565,3,246,6.630081300813008,2.0,0.6068913358332167,0.9074910156721662,0,249,10.449799196787149,2.0,0.38879848163231334,0.36358832049996787,0.3342850790599777,0.3151062184092919,0.5691397150453793,249,0.2003604212512145
