sep=,
Epoch,batch_number,cs@n,MRR@10,Recall@10,QueriesWithNoRelevant@10,QueriesWithRelevant@10,AverageRankGoldLabel@10,MedianRankGoldLabel@10,MRR@20,Recall@20,QueriesWithNoRelevant@20,QueriesWithRelevant@20,AverageRankGoldLabel@20,MedianRankGoldLabel@20,MRR@100,Recall@100,QueriesWithNoRelevant@100,QueriesWithRelevant@100,AverageRankGoldLabel@100,MedianRankGoldLabel@100,MRR@200,Recall@200,QueriesWithNoRelevant@200,QueriesWithRelevant@200,AverageRankGoldLabel@200,MedianRankGoldLabel@200,MRR@1000,Recall@1000,QueriesWithNoRelevant@1000,QueriesWithRelevant@1000,AverageRankGoldLabel@1000,MedianRankGoldLabel@1000,nDCG@3,nDCG@5,nDCG@10,nDCG@20,nDCG@1000,QueriesRanked,MAP@1000
0,76000,-,0.4742143175878116,0.0810092889551066,66,183,2.6721311475409837,2.0,0.4803787940859447,0.12114496782104198,44,205,3.9804878048780488,2.0,0.4844541686919908,0.3038916342146106,8,241,9.775933609958507,3.0,0.48460597143303535,0.44696327056082363,3,246,12.455284552845528,3.0,0.4846484481601605,0.9033025173372047,0,249,16.14457831325301,3.0,0.30775734556256507,0.2873140973237635,0.2696010569671372,0.256704736403769,0.536592592398375,249,0.17634652137636517
