sep=,
Epoch,batch_number,cs@n,MRR@10,Recall@10,QueriesWithNoRelevant@10,QueriesWithRelevant@10,AverageRankGoldLabel@10,MedianRankGoldLabel@10,MRR@20,Recall@20,QueriesWithNoRelevant@20,QueriesWithRelevant@20,AverageRankGoldLabel@20,MedianRankGoldLabel@20,MRR@100,Recall@100,QueriesWithNoRelevant@100,QueriesWithRelevant@100,AverageRankGoldLabel@100,MedianRankGoldLabel@100,MRR@200,Recall@200,QueriesWithNoRelevant@200,QueriesWithRelevant@200,AverageRankGoldLabel@200,MedianRankGoldLabel@200,MRR@1000,Recall@1000,QueriesWithNoRelevant@1000,QueriesWithRelevant@1000,AverageRankGoldLabel@1000,MedianRankGoldLabel@1000,nDCG@3,nDCG@5,nDCG@10,nDCG@20,nDCG@1000,QueriesRanked,MAP@1000
0,264000,-,0.24434313457952428,0.4662368672397325,3659,3321,3.4396266184884072,2.0,0.25039887460247046,0.5531160458452722,3050,3930,5.224427480916031,3.0,0.2548533028917679,0.7216093600764089,1874,5106,14.575793184488838,5.0,0.25517719764548985,0.766248806112703,1567,5413,21.76297801588768,6.0,0.2553197067444733,0.8140401146131805,1242,5738,42.17270826071802,7.0,0.2303075272137468,0.26185108647312866,0.29495022495290996,0.31721454230242063,0.3614836208293796,6980,0.25099128470696586
