sep=,
Epoch,batch_number,cs@n,MRR@10,Recall@10,QueriesWithNoRelevant@10,QueriesWithRelevant@10,AverageRankGoldLabel@10,MedianRankGoldLabel@10,MRR@20,Recall@20,QueriesWithNoRelevant@20,QueriesWithRelevant@20,AverageRankGoldLabel@20,MedianRankGoldLabel@20,MRR@100,Recall@100,QueriesWithNoRelevant@100,QueriesWithRelevant@100,AverageRankGoldLabel@100,MedianRankGoldLabel@100,MRR@200,Recall@200,QueriesWithNoRelevant@200,QueriesWithRelevant@200,AverageRankGoldLabel@200,MedianRankGoldLabel@200,MRR@1000,Recall@1000,QueriesWithNoRelevant@1000,QueriesWithRelevant@1000,AverageRankGoldLabel@1000,MedianRankGoldLabel@1000,nDCG@3,nDCG@5,nDCG@10,nDCG@20,nDCG@1000,QueriesRanked,MAP@1000
0,528000,-,0.3055247418929367,0.5474689589302769,3088,3892,3.194244604316547,2.0,0.31120669581115507,0.6291069723018147,2518,4462,4.688704616763783,3.0,0.31473324359833565,0.760733046800382,1606,5374,11.617603275027912,4.0,0.3149497113114075,0.7900071633237822,1404,5576,16.21180057388809,4.0,0.3150260200730424,0.8140401146131805,1242,5738,25.55960264900662,4.0,0.2906182228355845,0.32706027912994534,0.36096123001991764,0.38199174355457766,0.4143461563714603,6980,0.31027261608981993
