sep=,
Epoch,batch_number,cs@n,MRR@10,Recall@10,QueriesWithNoRelevant@10,QueriesWithRelevant@10,AverageRankGoldLabel@10,MedianRankGoldLabel@10,MRR@20,Recall@20,QueriesWithNoRelevant@20,QueriesWithRelevant@20,AverageRankGoldLabel@20,MedianRankGoldLabel@20,MRR@100,Recall@100,QueriesWithNoRelevant@100,QueriesWithRelevant@100,AverageRankGoldLabel@100,MedianRankGoldLabel@100,MRR@200,Recall@200,QueriesWithNoRelevant@200,QueriesWithRelevant@200,AverageRankGoldLabel@200,MedianRankGoldLabel@200,MRR@1000,Recall@1000,QueriesWithNoRelevant@1000,QueriesWithRelevant@1000,AverageRankGoldLabel@1000,MedianRankGoldLabel@1000,nDCG@3,nDCG@5,nDCG@10,nDCG@20,nDCG@1000,QueriesRanked,MAP@1000
3,8000,-,0.27848663681997016,0.5042735042735043,58,59,3.2542372881355934,2.0,0.2823171711329606,0.5726495726495726,50,67,5.014925373134329,3.0,0.2858319805893868,0.6923076923076923,36,81,10.962962962962964,4.0,0.2858319805893868,0.6923076923076923,36,81,10.962962962962964,4.0,0.2858319805893868,0.6923076923076923,36,81,10.962962962962964,4.0,0.26648177591575317,0.30509992450218965,0.33201837004146845,0.34814891069982506,0.3712662370548195,117,0.2858319805893868
