sep=,
Epoch,batch_number,cs@n,MRR@10,Recall@10,QueriesWithNoRelevant@10,QueriesWithRelevant@10,AverageRankGoldLabel@10,MedianRankGoldLabel@10,MRR@20,Recall@20,QueriesWithNoRelevant@20,QueriesWithRelevant@20,AverageRankGoldLabel@20,MedianRankGoldLabel@20,MRR@100,Recall@100,QueriesWithNoRelevant@100,QueriesWithRelevant@100,AverageRankGoldLabel@100,MedianRankGoldLabel@100,MRR@200,Recall@200,QueriesWithNoRelevant@200,QueriesWithRelevant@200,AverageRankGoldLabel@200,MedianRankGoldLabel@200,MRR@1000,Recall@1000,QueriesWithNoRelevant@1000,QueriesWithRelevant@1000,AverageRankGoldLabel@1000,MedianRankGoldLabel@1000,nDCG@3,nDCG@5,nDCG@10,nDCG@20,nDCG@1000,QueriesRanked,MAP@1000
0,44000,-,0.6006279084592338,0.11140850045122176,31,218,2.4220183486238533,1.0,0.6050791941565563,0.16423744339157517,15,234,3.286324786324786,1.0,0.6062730901298105,0.3458482611398095,3,246,5.59349593495935,2.0,0.6063355315190045,0.47409987536351317,1,248,6.641129032258065,2.0,0.6063460173264641,0.9144096438557049,0,249,8.152610441767068,2.0,0.40061210497616523,0.3769199742532416,0.35373371288926103,0.3347398552495483,0.5802444723415443,249,0.2136368158559329
