sep=,
Epoch,batch_number,cs@n,MRR@10,Recall@10,QueriesWithNoRelevant@10,QueriesWithRelevant@10,AverageRankGoldLabel@10,MedianRankGoldLabel@10,MRR@20,Recall@20,QueriesWithNoRelevant@20,QueriesWithRelevant@20,AverageRankGoldLabel@20,MedianRankGoldLabel@20,MRR@100,Recall@100,QueriesWithNoRelevant@100,QueriesWithRelevant@100,AverageRankGoldLabel@100,MedianRankGoldLabel@100,MRR@200,Recall@200,QueriesWithNoRelevant@200,QueriesWithRelevant@200,AverageRankGoldLabel@200,MedianRankGoldLabel@200,MRR@1000,Recall@1000,QueriesWithNoRelevant@1000,QueriesWithRelevant@1000,AverageRankGoldLabel@1000,MedianRankGoldLabel@1000,nDCG@3,nDCG@5,nDCG@10,nDCG@20,nDCG@1000,QueriesRanked,MAP@1000
0,44000,-,0.23588933233274206,0.4465377268385864,3803,3177,3.417374881964117,2.0,0.24218156369833096,0.5353868194842407,3175,3805,5.299868593955322,3.0,0.24654901565612747,0.7040353390639924,1997,4983,15.250050170579971,5.0,0.2469336645202846,0.7581661891117478,1624,5356,24.231889469753547,7.0,0.24709651366939325,0.8140401146131805,1242,5738,49.005925409550365,8.0,0.22272299342117916,0.2525132239402941,0.28417666714909995,0.30702987480334404,0.35335086262193804,6980,0.2433841961915474
